{
   "results" : [
      {
         "address_components" : [
            {
               "long_name" : "4",
               "short_name" : "4",
               "types" : [ "street_number" ]
            },
            {
               "long_name" : "Maistrova ulica",
               "short_name" : "Maistrova ulica",
               "types" : [ "route" ]
            },
            {
               "long_name" : "Litija",
               "short_name" : "Litija",
               "types" : [ "postal_town" ]
            },
            {
               "long_name" : "Litija",
               "short_name" : "Litija",
               "types" : [ "administrative_area_level_1", "political" ]
            },
            {
               "long_name" : "Slovenia",
               "short_name" : "SI",
               "types" : [ "country", "political" ]
            },
            {
               "long_name" : "1270",
               "short_name" : "1270",
               "types" : [ "postal_code" ]
            }
         ],
         "formatted_address" : "Maistrova ulica 4, 1270 Litija, Slovenia",
         "geometry" : {
            "location" : {
               "lat" : 46.05646309999999,
               "lng" : 14.8363514
            },
            "location_type" : "ROOFTOP",
            "viewport" : {
               "northeast" : {
                  "lat" : 46.0578120802915,
                  "lng" : 14.8377003802915
               },
               "southwest" : {
                  "lat" : 46.0551141197085,
                  "lng" : 14.8350024197085
               }
            }
         },
         "place_id" : "ChIJi3kn0lM8ZUcRMp1fY8DnW2w",
         "types" : [ "street_address" ]
      }
   ],
   "status" : "OK"
}
